{
  "L=2": {
    "params_k": 1109.122,
    "latency_ms": 1.1467184284701943,
    "latency_p95_ms": 1.2382947839796543,
    "swivel_mae": 7.603783130645752,
    "elbow_error_mm": 15.58117494910014,
    "jerk": 300.67706298828125,
    "joint_mae": 5.19372498303338,
    "window_size": 30,
    "epoch": 6,
    "val_loss": 0.168328195810318
  },
  "L=3": {
    "params_k": 1547.394,
    "latency_ms": 1.4510747399181128,
    "latency_p95_ms": 1.494224602356553,
    "swivel_mae": 7.485352516174316,
    "elbow_error_mm": 15.317107981044506,
    "jerk": 260.35626220703125,
    "joint_mae": 5.105702660348169,
    "window_size": 30,
    "epoch": 6,
    "val_loss": 0.16802570223808289
  },
  "L=4": {
    "params_k": 1985.666,
    "latency_ms": 1.7982595330104232,
    "latency_p95_ms": 1.8457293044775724,
    "swivel_mae": 7.206955909729004,
    "elbow_error_mm": 14.832124666152414,
    "jerk": 229.17062377929688,
    "joint_mae": 4.944041555384137,
    "window_size": 30,
    "epoch": 6,
    "val_loss": 0.16180911660194397
  }
}