{
  "L=2": {
    "params_k": 1109.122,
    "latency_ms": 1.5447403090074658,
    "latency_p95_ms": 1.608902309089899,
    "swivel_mae": 5.741460800170898,
    "elbow_error_mm": 12.280055969901705,
    "jerk": 2.446760654449463,
    "joint_mae": 4.0933519899672355,
    "window_size": 30,
    "epoch": 6,
    "val_loss": 0.168328195810318
  },
  "L=3": {
    "params_k": 1547.394,
    "latency_ms": 1.4661809550598264,
    "latency_p95_ms": 1.50883374735713,
    "swivel_mae": 5.803646564483643,
    "elbow_error_mm": 12.390212301578465,
    "jerk": 1.569911003112793,
    "joint_mae": 4.130070767192821,
    "window_size": 30,
    "epoch": 6,
    "val_loss": 0.16802570223808289
  },
  "L=4": {
    "params_k": 1985.666,
    "latency_ms": 1.7939662672579288,
    "latency_p95_ms": 1.902302214875817,
    "swivel_mae": 5.623026371002197,
    "elbow_error_mm": 12.220997306772558,
    "jerk": 1.6966346502304077,
    "joint_mae": 4.073665768924187,
    "window_size": 30,
    "epoch": 6,
    "val_loss": 0.16180911660194397
  }
}