{
  "L=2": {
    "params_k": 1109.122,
    "latency_ms": 1.5272284848615527,
    "latency_p95_ms": 1.580517366528511,
    "swivel_mae": 7.603783130645752,
    "elbow_error_mm": 15.58117494910014,
    "jerk": 300.67706298828125,
    "joint_mae": 28.475079307701723,
    "window_size": 30,
    "epoch": 6,
    "val_loss": 0.168328195810318
  },
  "L=3": {
    "params_k": 1547.394,
    "latency_ms": 1.4445393094792962,
    "latency_p95_ms": 1.487454678863287,
    "swivel_mae": 7.485352516174316,
    "elbow_error_mm": 15.317107981044506,
    "jerk": 260.35626220703125,
    "joint_mae": 28.605653216024763,
    "window_size": 30,
    "epoch": 6,
    "val_loss": 0.16802570223808289
  },
  "L=4": {
    "params_k": 1985.666,
    "latency_ms": 1.7939646635204554,
    "latency_p95_ms": 1.8464619293808937,
    "swivel_mae": 7.206955909729004,
    "elbow_error_mm": 14.832124666152414,
    "jerk": 229.17062377929688,
    "joint_mae": 28.597332348076115,
    "window_size": 30,
    "epoch": 6,
    "val_loss": 0.16180911660194397
  }
}