{
  "metadata": {
    "num_samples": 3614699,
    "data_path": "/data0/wwb_data/ygx_data/data_ygx_pose+dof/ACCAD_CMU_merged_training_data_with_swivel.npz",
    "window_size": 10,
    "total_samples": 3614699
  },
  "statistics": {
    "absolute_bounds": {
      "x": {
        "min": -0.30039578332479655,
        "max": 0.33900006759409407
      },
      "y": {
        "min": -0.25688111959485943,
        "max": 0.5494356438798811
      },
      "z": {
        "min": -0.1289541868784873,
        "max": 0.6876899893773333
      }
    },
    "robust_bounds": {
      "x": {
        "p1": -0.14568563217253014,
        "p99": 0.26281854097543317
      },
      "y": {
        "p1": 0.012023045685306476,
        "p99": 0.4880819494400053
      },
      "z": {
        "p1": -0.06898998463926291,
        "p99": 0.327774185480691
      }
    },
    "center": {
      "x": 0.15296834703781848,
      "y": 0.2226935995633639,
      "z": 0.13313334870011062
    },
    "range": {
      "x": 0.4085041731479633,
      "y": 0.47605890375469884,
      "z": 0.3967641701199539
    }
  }
}