{
  "Baseline (swivel_only)": {
    "params_k": 1985.666,
    "latency_ms": 1.8457460859790444,
    "latency_p95_ms": 1.9068969413638115,
    "swivel_mae": 7.284895420074463,
    "elbow_error_mm": 15.025583694194102,
    "jerk": 236.42703247070312,
    "joint_mae": 28.63086904952775,
    "window_size": 30,
    "epoch": 6,
    "val_loss": 0.16257496178150177
  },
  "Variant A (+elbow)": {
    "params_k": 1985.666,
    "latency_ms": 1.8732938980683684,
    "latency_p95_ms": 1.98826570995152,
    "swivel_mae": 7.426871299743652,
    "elbow_error_mm": 15.288281886852552,
    "jerk": 314.8045959472656,
    "joint_mae": 28.585099441172925,
    "window_size": 30,
    "epoch": 6,
    "val_loss": 0.16535413265228271
  },
  "Ours (full_loss)": {
    "params_k": 1985.666,
    "latency_ms": 1.8318579671904445,
    "latency_p95_ms": 1.8777618184685707,
    "swivel_mae": 7.3594841957092285,
    "elbow_error_mm": 15.303600372931898,
    "jerk": 332.30426025390625,
    "joint_mae": 28.64538927715146,
    "window_size": 30,
    "epoch": 6,
    "val_loss": 0.1647765189409256
  }
}