{
  "W=1": {
    "params_k": 1985.666,
    "latency_ms": 0.14146495703607798,
    "latency_p95_ms": 0.1454569865018129,
    "swivel_mae": 8.977774620056152,
    "elbow_error_mm": 18.12880700550964,
    "jerk": 268.90277099609375,
    "joint_mae": 6.0429356685032145,
    "window_size": 1,
    "epoch": 11,
    "val_loss": 0.19554366171360016
  },
  "W=15": {
    "params_k": 1985.666,
    "latency_ms": 1.8042273726314306,
    "latency_p95_ms": 1.84934725984931,
    "swivel_mae": 7.9090704917907715,
    "elbow_error_mm": 16.17595221014753,
    "jerk": 213.1263427734375,
    "joint_mae": 5.391984070049174,
    "window_size": 15,
    "epoch": 4,
    "val_loss": 0.17473085224628448
  },
  "W=30": {
    "params_k": 1985.666,
    "latency_ms": 1.7805953901261091,
    "latency_p95_ms": 1.8223788123577833,
    "swivel_mae": 7.24808406829834,
    "elbow_error_mm": 14.846823413862518,
    "jerk": 226.5781707763672,
    "joint_mae": 4.948941137954174,
    "window_size": 30,
    "epoch": 6,
    "val_loss": 0.16556888818740845
  }
}