{
  "W=1": {
    "params_k": 1985.666,
    "latency_ms": 0.14334205724298954,
    "latency_p95_ms": 0.14728489331901073,
    "swivel_mae": 5.985367298126221,
    "elbow_error_mm": 13.065062288339563,
    "jerk": 2.8282203674316406,
    "joint_mae": 4.355020762779854,
    "window_size": 1,
    "epoch": 11,
    "val_loss": 0.19554366171360016
  },
  "W=15": {
    "params_k": 1985.666,
    "latency_ms": 1.784809684380889,
    "latency_p95_ms": 1.8362326547503471,
    "swivel_mae": 5.665382385253906,
    "elbow_error_mm": 12.383925876699559,
    "jerk": 1.1741119623184204,
    "joint_mae": 4.127975292233186,
    "window_size": 15,
    "epoch": 4,
    "val_loss": 0.17473085224628448
  },
  "W=30": {
    "params_k": 1985.666,
    "latency_ms": 1.7823860216885805,
    "latency_p95_ms": 1.8386953976005316,
    "swivel_mae": 5.669456958770752,
    "elbow_error_mm": 12.326410568159194,
    "jerk": 1.864189624786377,
    "joint_mae": 4.108803522719731,
    "window_size": 30,
    "epoch": 6,
    "val_loss": 0.16556888818740845
  }
}