{
  "W=1": {
    "params_k": 1985.666,
    "latency_ms": 0.19836771953850985,
    "latency_p95_ms": 0.20566368475556374,
    "swivel_mae": 8.977774620056152,
    "elbow_error_mm": 18.12880700550964,
    "jerk": 268.90277099609375,
    "joint_mae": 28.570290288060235,
    "window_size": 1,
    "epoch": 11,
    "val_loss": 0.19554366171360016
  },
  "W=15": {
    "params_k": 1985.666,
    "latency_ms": 1.754623694345355,
    "latency_p95_ms": 1.8080668523907661,
    "swivel_mae": 7.9090704917907715,
    "elbow_error_mm": 16.17595221014753,
    "jerk": 213.1263427734375,
    "joint_mae": 28.569048272228372,
    "window_size": 15,
    "epoch": 4,
    "val_loss": 0.17473085224628448
  },
  "W=30": {
    "params_k": 1985.666,
    "latency_ms": 1.7685318915173411,
    "latency_p95_ms": 1.813270291313529,
    "swivel_mae": 7.24808406829834,
    "elbow_error_mm": 14.846823413862518,
    "jerk": 226.5781707763672,
    "joint_mae": 28.26423241639854,
    "window_size": 30,
    "epoch": 6,
    "val_loss": 0.16556888818740845
  }
}