{
  "LSTM": {
    "params_k": 2337.922,
    "latency_ms": 1.2934234347194433,
    "latency_p95_ms": 1.3186381664127111,
    "swivel_mae": 6.120075225830078,
    "elbow_error_mm": 13.245345679250725,
    "jerk": 1.844079852104187,
    "joint_mae": 4.415115226416908,
    "window_size": 30,
    "epoch": 6,
    "val_loss": 0.1770492047071457
  },
  "Mamba": {
    "params_k": 1985.666,
    "latency_ms": 2.055101658217609,
    "latency_p95_ms": 2.583171147853136,
    "swivel_mae": 5.834755897521973,
    "elbow_error_mm": 12.695778972993192,
    "jerk": 2.519195079803467,
    "joint_mae": 4.231926324331064,
    "window_size": 30,
    "epoch": 6,
    "val_loss": 0.16178128123283386
  },
  "Transformer": {
    "params_k": 3519.618,
    "latency_ms": 1.3246941165998578,
    "latency_p95_ms": 1.3592046219855547,
    "swivel_mae": 5.306576251983643,
    "elbow_error_mm": 11.521761657249893,
    "jerk": 2.0001587867736816,
    "joint_mae": 3.840587219083298,
    "window_size": 30,
    "epoch": 6,
    "val_loss": 0.1620512455701828
  }
}