{
  "LSTM": {
    "params_k": 2337.922,
    "latency_ms": 1.270934320986271,
    "latency_p95_ms": 1.2906558811664581,
    "swivel_mae": 8.109417915344238,
    "elbow_error_mm": 16.33693593487371,
    "jerk": 227.77923583984375,
    "joint_mae": 5.4456453116245696,
    "window_size": 30,
    "epoch": 6,
    "val_loss": 0.1770492047071457
  },
  "Mamba": {
    "params_k": 1985.666,
    "latency_ms": 2.1464146422222257,
    "latency_p95_ms": 2.5888525415211916,
    "swivel_mae": 7.173648357391357,
    "elbow_error_mm": 14.572355932466742,
    "jerk": 276.050048828125,
    "joint_mae": 4.857451977488913,
    "window_size": 30,
    "epoch": 6,
    "val_loss": 0.16178128123283386
  },
  "Transformer": {
    "params_k": 3519.618,
    "latency_ms": 1.3264690386131406,
    "latency_p95_ms": 1.3567428104579449,
    "swivel_mae": 7.220848560333252,
    "elbow_error_mm": 14.769134829878,
    "jerk": 239.9148406982422,
    "joint_mae": 4.923044943292666,
    "window_size": 30,
    "epoch": 6,
    "val_loss": 0.1620512455701828
  }
}