{
  "LSTM": {
    "params_k": 2337.922,
    "latency_ms": 1.2781182555481791,
    "latency_p95_ms": 1.298715267330408,
    "swivel_mae": 8.109417915344238,
    "elbow_error_mm": 16.33693593487371,
    "jerk": 227.77923583984375,
    "joint_mae": 28.668959970060527,
    "window_size": 30,
    "epoch": 6,
    "val_loss": 0.1770492047071457
  },
  "Mamba": {
    "params_k": 1985.666,
    "latency_ms": 1.8249066853895783,
    "latency_p95_ms": 1.8756010569632053,
    "swivel_mae": 7.173648357391357,
    "elbow_error_mm": 14.572355932466742,
    "jerk": 276.050048828125,
    "joint_mae": 28.521611421260282,
    "window_size": 30,
    "epoch": 6,
    "val_loss": 0.16178128123283386
  },
  "Transformer": {
    "params_k": 3519.618,
    "latency_ms": 1.3149749711155891,
    "latency_p95_ms": 1.3445906341075897,
    "swivel_mae": 7.220848560333252,
    "elbow_error_mm": 14.769134829878,
    "jerk": 239.9148406982422,
    "joint_mae": 28.541487175909282,
    "window_size": 30,
    "epoch": 6,
    "val_loss": 0.1620512455701828
  }
}