{
  "_metadata": {
    "experiment": "layers_ablation",
    "dataset": "GRAB",
    "dataset_path": "/data0/wwb_data/ygx_data/data_ygx_pose+dof/GRAB_training_data_with_swivel.npz",
    "ik_type": "approx",
    "timestamp": "2026-03-02T19:12:21",
    "num_frames": 49986,
    "device": "cuda:0"
  },
  "results": {
    "L=2": {
      "params_k": 1109.122,
      "network_latency_ms": -1.0,
      "network_latency_p95_ms": -1.0,
      "ik_latency_ms": -1.0,
      "ik_latency_p95_ms": -1.0,
      "latency_ms": -1.0,
      "latency_p95_ms": -1.0,
      "swivel_mae": 5.904891490936279,
      "elbow_error_mm": 12.792067793268222,
      "jerk": 6.336949348449707,
      "joint_mae": 4.264022597756075,
      "window_size": 15,
      "epoch": 29,
      "val_loss": 0.19250069558620453
    },
    "L=4": {
      "params_k": 1985.666,
      "network_latency_ms": -1.0,
      "network_latency_p95_ms": -1.0,
      "ik_latency_ms": -1.0,
      "ik_latency_p95_ms": -1.0,
      "latency_ms": -1.0,
      "latency_p95_ms": -1.0,
      "swivel_mae": 5.644649505615234,
      "elbow_error_mm": 12.41293212880355,
      "jerk": 6.04688835144043,
      "joint_mae": 4.137644042934517,
      "window_size": 15,
      "epoch": 48,
      "val_loss": 0.20068499445915222
    },
    "L=8": {
      "params_k": 3738.754,
      "network_latency_ms": -1.0,
      "network_latency_p95_ms": -1.0,
      "ik_latency_ms": -1.0,
      "ik_latency_p95_ms": -1.0,
      "latency_ms": -1.0,
      "latency_p95_ms": -1.0,
      "swivel_mae": 5.929694175720215,
      "elbow_error_mm": 13.020141359899327,
      "jerk": 3.35097599029541,
      "joint_mae": 4.340047119966442,
      "window_size": 15,
      "epoch": 27,
      "val_loss": 0.201080784201622
    }
  }
}