{
  "_metadata": {
    "experiment": "window_size_ablation",
    "dataset": "GRAB",
    "dataset_path": "/data0/wwb_data/ygx_data/data_ygx_pose+dof/GRAB_training_data_with_swivel.npz",
    "ik_type": "approx",
    "timestamp": "2026-03-02T19:10:20",
    "num_frames": 49971,
    "device": "cuda:0"
  },
  "results": {
    "W=1": {
      "params_k": 1985.666,
      "network_latency_ms": -1.0,
      "network_latency_p95_ms": -1.0,
      "ik_latency_ms": -1.0,
      "ik_latency_p95_ms": -1.0,
      "latency_ms": -1.0,
      "latency_p95_ms": -1.0,
      "swivel_mae": 6.765489101409912,
      "elbow_error_mm": 14.212140981220578,
      "jerk": 4.575545310974121,
      "joint_mae": 4.7373803270735255,
      "window_size": 1,
      "epoch": 50,
      "val_loss": 0.26980605721473694
    },
    "W=15": {
      "params_k": 1985.666,
      "network_latency_ms": -1.0,
      "network_latency_p95_ms": -1.0,
      "ik_latency_ms": -1.0,
      "ik_latency_p95_ms": -1.0,
      "latency_ms": -1.0,
      "latency_p95_ms": -1.0,
      "swivel_mae": 5.788078784942627,
      "elbow_error_mm": 12.359981803976623,
      "jerk": 8.386519432067871,
      "joint_mae": 4.119993934658875,
      "window_size": 15,
      "epoch": 48,
      "val_loss": 0.19492948055267334
    },
    "W=30": {
      "params_k": 1985.666,
      "network_latency_ms": -1.0,
      "network_latency_p95_ms": -1.0,
      "ik_latency_ms": -1.0,
      "ik_latency_p95_ms": -1.0,
      "latency_ms": -1.0,
      "latency_p95_ms": -1.0,
      "swivel_mae": 6.0447998046875,
      "elbow_error_mm": 12.938640329936536,
      "jerk": 5.062586307525635,
      "joint_mae": 4.312880109978845,
      "window_size": 30,
      "epoch": 24,
      "val_loss": 0.194369837641716
    }
  }
}